"Name","Team","AB","H","HR","RBI","BB","SO","AVG","OPS","WAR","SB","playerid"
"Matt Albers","White Sox","1","1","0","0","0","0","1.000","3.000","0.1","0","4300"
"Tommy Milone","Twins","2","2","0","0","0","0","1.000","2.000","0.1","0","7608"
"Cory Gearrin","Giants","1","1","0","0","0","0","1.000","2.000","0.1","0","7947"
"Jose Berrios","Twins","1","1","0","0","0","0","1.000","2.000","0.1","0","14168"
"Cody Ege","Marlins","1","1","0","0","0","0","1.000","2.000","0.1","0","15928"
"Chris Parmelee","Yankees","8","4","2","4","0","3",".500","1.875","0.3","0","2554"
"Oliver Perez","Nationals","3","2","0","0","0","0",".667","1.667","0.1","0","1514"
"Yefri Perez","Marlins","3","2","0","0","0","1",".667","1.667","0.2","4","12090"
"Chris Capuano","Brewers","0","0","0","0","1","0",".000","1.000","0.0","0","1701"
"Tony Cingrani","Reds","0","0","0","0","1","0",".000","1.000","0.0","0","12555"
"Spencer Kieboom","Nationals","0","0","0","0","1","0",".000","1.000","0.1","0","13300"
"Edubray Ramos","Phillies","0","0","0","0","1","0",".000","1.000","0.0","0","16086"
"Anthony Ranaudo","White Sox","3","1","1","1","0","1",".333","1.667","0.1","0","11424"
"Yu Darvish","Rangers","3","1","1","1","0","1",".333","1.667","0.1","0","13074"
"John Hicks","Tigers","2","1","0","0","0","0",".500","1.500","0.1","0","12547"
"Trey Mancini","Orioles","14","5","3","5","0","4",".357","1.471","0.3","0","15149"
"Jesus Sucre","Mariners","25","12","1","5","2","5",".480","1.232","0.5","0","5942"
"Tyler Cravy","Brewers","4","1","1","1","0","1",".250","1.250","0.1","0","10770"
"Yovani Gallardo","Orioles","4","2","0","0","1","1",".500","1.100","0.2","0","8173"
"Hunter Renfroe","Padres","35","13","4","14","1","5",".371","1.189","0.6","0","15464"
"Dariel Alvarez","Orioles","3","1","0","0","1","0",".333","1.167","0.0","0","15580"
"Trevor Williams","Pirates","1","0","0","1","2","1",".000",".667","0.1","0","16977"
"Gavin Cecchini","Mets","6","2","0","2","0","2",".333","1.095","0.0","0","17005"
"Pedro Severino","Nationals","28","9","2","4","5","3",".321","1.048","0.7","0","14523"
"Derek Holland","Rangers","2","1","0","0","0","1",".500","1.000","0.0","0","4141"
"Matt Davidson","White Sox","2","1","0","1","0","1",".500","1.000","0.0","0","7226"
"Charlie Tilson","White Sox","2","1","0","0","0","0",".500","1.000","0.0","0","12983"
"Ty Blach","Giants","4","2","0","0","0","0",".500","1.000","0.1","0","14361"
"Jose Martinez","Cardinals","16","7","0","1","2","1",".438","1.000","0.2","0","7996"
"Jordan Patterson","Rockies","18","8","0","2","1","1",".444",".974","0.2","0","15119"
"Justin Ruggiano","- - -","24","8","2","7","2","10",".333","1.010","0.2","0","7620"
"Gary Sanchez","Yankees","201","60","20","42","24","57",".299","1.032","3.2","1","11442"
"Josh Tomlin","Indians","5","2","0","0","0","2",".400","1.000","0.1","0","9388"
"David Ortiz","Red Sox","537","169","38","127","80","86",".315","1.021","4.5","2","745"
"Mike Trout","Angels","549","173","29","100","116","137",".315",".991","9.2","30","10155"
"Tom Murphy","Rockies","44","12","5","13","4","19",".273","1.006","0.8","1","13499"
"Joey Votto","Reds","556","181","29","97","108","120",".326",".985","5.0","8","4314"
"Daniel Murphy","Nationals","531","184","25","104","35","57",".347",".985","5.5","5","4316"
"Mat Latos","- - -","5","1","1","1","0","3",".200","1.000","0.1","0","3815"
"Michael Lorenzen","Reds","5","1","1","3","0","2",".200","1.000","0.1","0","14843"
"Josh Donaldson","Blue Jays","577","164","37","99","109","119",".284",".953","7.6","7","5038"
"Freddie Freeman","Braves","589","178","34","91","89","171",".302",".968","6.1","6","5361"
"Miguel Cabrera","Tigers","595","188","38","108","75","116",".316",".956","4.8","0","1744"
"Munenori Kawasaki","Cubs","21","7","0","1","4","5",".333",".890","0.2","2","13047"
"Kris Bryant","Cubs","603","176","39","102","75","154",".292",".939","8.3","8","15429"
"Trea Turner","Nationals","307","105","13","40","14","59",".342",".937","3.3","33","16252"
"Charlie Blackmon","Rockies","578","187","29","82","43","102",".324",".933","4.1","17","7859"
"DJ LeMahieu","Rockies","552","192","11","66","66","80",".348",".911","4.3","11","9874"
"Anthony Rizzo","Cubs","583","170","32","109","74","108",".292",".928","5.1","3","3473"
"Jose Altuve","Astros","640","216","24","96","60","70",".338",".928","6.8","30","5417"
"Nolan Arenado","Rockies","618","182","41","133","68","103",".294",".932","5.3","2","9777"
"J.D. Martinez","Tigers","460","141","22","68","49","128",".307",".908","1.8","1","6184"
"Nelson Cruz","Mariners","589","169","43","105","62","159",".287",".915","4.2","2","2434"
"Brett Nicholas","Rangers","40","11","2","4","4","9",".275",".906","0.4","0","11192"
"Paul Goldschmidt","Diamondbacks","579","172","24","95","110","150",".297",".899","4.7","32","9218"
"Trevor Story","Rockies","372","101","27","72","35","130",".272",".909","2.9","8","12564"
"Mookie Betts","Red Sox","672","214","31","113","49","80",".318",".897","7.9","26","13611"
"Ryan Braun","Brewers","511","156","30","91","46","98",".305",".903","3.3","16","3410"
"Jacob Stallings","Pirates","15","6","0","2","0","4",".400",".867","0.2","1","13723"
"Matt Joyce","Pirates","231","56","13","42","59","67",".242",".866","1.2","1","3353"
"Matt Carpenter","Cardinals","473","128","21","68","81","108",".271",".885","3.2","0","8090"
"Tyler Naquin","Indians","321","95","14","43","36","112",".296",".886","2.5","6","13359"
"Brandon Belt","Giants","542","149","17","82","104","148",".275",".868","4.3","0","10264"
"Edwin Encarnacion","Blue Jays","601","158","42","127","87","138",".263",".886","3.9","2","2151"
"Corey Seager","Dodgers","627","193","26","72","54","133",".308",".877","7.4","3","13624"
"Adrian Beltre","Rangers","583","175","32","104","48","66",".300",".879","6.1","1","639"
"Jean Segura","Diamondbacks","637","203","20","64","39","101",".319",".867","5.0","33","5933"
"Steve Pearce","- - -","264","76","13","35","34","54",".288",".867","2.0","0","9957"
"Brandon Snyder","Braves","46","11","4","9","1","16",".239",".907","0.0","0","9856"
"Robinson Cano","Mariners","655","195","39","103","47","100",".298",".882","5.9","0","3269"
"Brian Dozier","Twins","615","165","42","99","61","138",".268",".886","5.9","18","9810"
"Carlos Santana","Indians","582","151","34","87","99","99",".259",".865","3.7","5","2396"
"Aledmys Diaz","Cardinals","404","121","17","65","41","60",".300",".879","2.7","4","15937"
"Yoenis Cespedes","Mets","479","134","31","86","51","108",".280",".884","3.2","3","13110"
"Jung Ho Kang","Pirates","318","81","21","62","36","79",".255",".867","2.2","3","17182"
"Christian Yelich","Marlins","578","172","21","98","72","138",".298",".859","4.5","9","11477"
"Hanley Ramirez","Red Sox","549","157","30","111","60","120",".286",".866","2.7","9","8001"
"Dexter Fowler","Cubs","456","126","13","48","79","124",".276",".840","4.6","13","4062"
"David Dahl","Rockies","222","70","7","24","15","59",".315",".859","1.3","5","13744"
"Manny Machado","Orioles","640","188","37","96","48","120",".294",".876","6.6","0","11493"
"Andrew Toles","Dodgers","105","33","3","16","8","25",".314",".870","1.6","1","13414"
"Ryon Healy","Athletics","269","82","13","37","12","60",".305",".861","1.1","0","15447"
"Chris Young","Red Sox","203","56","9","24","21","50",".276",".850","1.1","4","3882"
"Sean Rodriguez","Pirates","300","81","18","56","33","102",".270",".859","1.8","2","6589"
"Robbie Grossman","Twins","332","93","11","37","55","96",".280",".828","0.7","2","5254"
"Kyle Seager","Mariners","597","166","30","99","69","108",".278",".859","5.5","3","9785"
"Willson Contreras","Cubs","252","71","12","35","26","67",".282",".845","2.2","2","11609"
"Ryan Schimpf","Padres","276","60","20","51","42","105",".217",".869","2.5","1","9953"
"Sandy Leon","Red Sox","252","78","7","35","23","66",".310",".845","2.5","0","5273"
"Stephen Drew","Nationals","143","38","8","21","16","31",".266",".864","0.7","0","4251"
"Jonathan Lucroy","- - -","490","143","24","81","47","100",".292",".855","4.6","5","7870"
"Wilson Ramos","Nationals","482","148","22","80","35","79",".307",".850","3.4","0","1433"
"Carlos Gonzalez","Rockies","584","174","25","100","46","129",".298",".855","2.0","2","7287"
"Anthony Recker","Braves","90","25","2","15","16","22",".278",".828","0.8","1","4063"
"Ben Zobrist","Cubs","523","142","18","76","96","82",".272",".831","3.9","6","7435"
"Joc Pederson","Dodgers","406","100","25","68","63","130",".246",".847","3.6","6","11899"
"Carlos Beltran","- - -","552","163","29","93","35","101",".295",".850","2.3","1","589"
"Mark Trumbo","Orioles","613","157","47","108","51","170",".256",".850","2.2","2","6876"
"Dustin Pedroia","Red Sox","633","201","15","74","61","73",".318",".825","5.4","7","8370"
"Tomas Telis","Marlins","13","4","1","4","0","2",".308",".846","0.0","0","10067"
"Chris Herrmann","Diamondbacks","148","42","6","28","16","44",".284",".845","1.5","4","9284"
"Andrew Benintendi","Red Sox","105","31","2","14","10","25",".295",".835","0.6","1","17901"
"Ian Kinsler","Tigers","618","178","28","83","45","115",".288",".831","5.7","14","6195"
"Jonathan Villar","Brewers","589","168","19","63","79","174",".285",".826","3.1","62","10071"
"Jose Ramirez","Indians","565","176","11","76","44","62",".312",".825","4.7","22","13510"
"Jose Bautista","Blue Jays","423","99","22","69","87","103",".234",".817","1.4","2","1887"
"Jackie Bradley Jr.","Red Sox","558","149","26","87","63","143",".267",".835","5.0","9","12984"
"Justin Turner","Dodgers","556","153","27","90","48","107",".275",".832","5.5","4","5235"
"George Springer","Astros","644","168","29","82","88","178",".261",".815","4.6","9","12856"
"Jake Lamb","Diamondbacks","523","130","29","91","64","154",".249",".840","2.5","6","13329"
"Hyun Soo Kim","Orioles","305","92","6","22","36","51",".302",".801","0.9","1","18718"
"Kennys Vargas","Twins","152","35","10","20","24","57",".230",".833","0.6","0","12101"
"Ryan Kalish","Cubs","7","2","0","2","1","0",".286",".730","0.1","0","6962"
"Cameron Maybin","Tigers","349","110","4","43","36","69",".315",".801","2.0","15","5223"
"Brandon Guyer","- - -","293","78","9","32","19","55",".266",".795","1.1","3","2636"
"Starling Marte","Pirates","489","152","9","46","23","104",".311",".818","3.9","47","9241"
"Neil Walker","Mets","412","116","23","55","42","84",".282",".823","3.7","3","7539"
"Victor Martinez","Tigers","553","160","27","86","50","90",".289",".826","0.8","0","393"
"Luis Valbuena","Astros","292","76","13","40","44","81",".260",".816","2.0","1","4969"
"Yasmani Grandal","Dodgers","390","89","27","72","64","116",".228",".816","2.9","1","11368"
"Evan Longoria","Rays","633","173","36","98","42","144",".273",".840","4.5","0","9368"
"Rio Ruiz","Braves","7","2","0","2","0","2",".286",".857","0.1","1","14103"
"Nick Castellanos","Tigers","411","117","18","58","28","111",".285",".827","1.8","1","11737"
"Pedro Alvarez","Orioles","337","84","22","49","37","97",".249",".826","1.2","1","2495"
"Khris Davis","Athletics","555","137","42","102","42","166",".247",".831","2.4","1","9112"
"Carlos Correa","Astros","577","158","20","96","75","139",".274",".811","5.0","13","14162"
"Jose Abreu","White Sox","624","183","25","100","47","125",".293",".820","1.8","0","15676"
"Hunter Pence","Giants","395","114","13","57","43","95",".289",".808","2.0","1","8252"
"Mark Reynolds","Rockies","393","111","14","53","42","112",".282",".806","0.2","1","7619"
"Derek Dietrich","Marlins","351","98","7","42","32","84",".279",".798","2.0","1","10542"
"Steve Selsky","Reds","51","16","2","7","2","22",".314",".810","0.4","1","12957"
"Xander Bogaerts","Red Sox","652","192","21","89","58","123",".294",".802","4.9","13","12161"
"Michael Saunders","Blue Jays","490","124","24","57","59","157",".253",".815","1.5","1","9981"
"Jason Kipnis","Indians","610","168","23","82","60","146",".275",".811","4.8","15","9776"
"Chris Carter","Brewers","549","122","41","94","76","206",".222",".821","1.0","3","9911"
"T.J. Rivera","Mets","105","35","3","16","3","17",".333",".821","0.6","0","12495"
"Hector Sanchez","- - -","49","13","3","8","4","10",".265",".803","0.4","0","10289"
"Yangervis Solarte","Padres","405","116","15","71","30","63",".286",".808","2.8","1","5352"
"Asdrubal Cabrera","Mets","521","146","23","62","38","103",".280",".810","3.0","5","4962"
"Stephen Piscotty","Cardinals","582","159","22","85","51","133",".273",".800","2.8","7","13367"
"Evan Gattis","Astros","447","112","32","72","43","127",".251",".826","2.6","2","11003"
"Yasmany Tomas","Diamondbacks","530","144","31","83","31","136",".272",".820","-0.1","2","17171"
"Geovany Soto","Angels","78","21","4","9","6","21",".269",".809","0.4","0","3707"
"Drew Butera","Royals","123","35","4","16","8","36",".285",".808","0.7","0","3411"
"Elvis Andrus","Rangers","506","153","8","69","47","70",".302",".800","2.1","24","8709"
"Giancarlo Stanton","Marlins","413","99","27","74","50","140",".240",".815","1.8","0","4949"
"David Wright","Mets","137","31","7","14","26","55",".226",".788","0.5","3","3787"
"Adam Eaton","White Sox","619","176","14","59","63","115",".284",".790","6.2","14","11205"
"Justin Bour","Marlins","280","74","15","51","38","56",".264",".824","1.3","0","9744"
"Domingo Santana","Brewers","246","63","11","32","32","91",".256",".792","-0.1","2","10348"
"Bryce Harper","Nationals","506","123","24","86","108","117",".243",".814","3.5","21","11579"
"Keon Broxton","Brewers","207","50","9","19","36","88",".242",".784","2.1","23","9253"
"Mike Napoli","Indians","557","133","34","101","78","194",".239",".800","0.9","5","3057"
"Anthony Rendon","Nationals","567","153","20","85","65","117",".270",".797","4.7","12","12861"
"Melky Cabrera","White Sox","591","175","14","86","47","69",".296",".800","1.7","2","4022"
"Danny Valencia","Athletics","471","135","17","51","41","115",".287",".792","1.0","1","6364"
"Yadier Molina","Cardinals","534","164","8","58","39","63",".307",".787","2.5","3","7007"
"Tommy Joseph","Phillies","315","81","21","47","22","75",".257",".813","0.8","1","10349"
"Wil Myers","Padres","599","155","28","94","68","160",".259",".797","3.9","28","10047"
"Buster Posey","Giants","539","155","14","80","64","68",".288",".796","4.0","6","9166"
"Francisco Lindor","Indians","604","182","15","78","57","88",".301",".794","6.2","19","12916"
"Kole Calhoun","Angels","594","161","18","75","67","118",".271",".786","3.9","2","11200"
"Chris Davis","Orioles","566","125","38","84","88","219",".221",".792","2.8","1","9272"
"Adam Rosales","Padres","214","49","13","35","29","88",".229",".814","2.0","4","9682"
"Jay Bruce","- - -","539","135","33","99","44","126",".250",".815","0.9","4","9892"
"Josh Bell","Pirates","128","35","3","19","21","19",".273",".775","-0.4","0","13145"
"Curtis Granderson","Mets","545","129","30","59","74","130",".237",".799","2.6","4","4747"
"Mike Moustakas","Royals","104","25","7","13","9","13",".240",".801","0.7","0","4892"
"Jedd Gyorko","Cardinals","400","97","30","59","37","96",".243",".801","2.3","0","10816"
"Kendrys Morales","Royals","558","147","30","93","48","120",".263",".795","0.8","0","8610"
"Tyler Flowers","Braves","281","76","8","41","29","91",".270",".777","1.1","0","9134"
"Greg Garcia","Cardinals","214","59","3","17","38","50",".276",".762","1.9","1","10951"
"Robinson Chirinos","Rangers","147","33","9","20","15","44",".224",".797","0.8","0","3142"
"Mike Zunino","Mariners","164","34","12","31","21","65",".207",".787","1.2","0","13265"
"Luke Weaver","Cardinals","13","5","0","0","0","4",".385",".769","0.2","0","16918"
"Odubel Herrera","Phillies","583","167","15","49","63","134",".286",".781","3.8","25","11476"
"Devon Travis","Blue Jays","410","123","11","50","20","87",".300",".785","2.6","4","13862"
"C.J. Cron","Angels","407","113","16","69","24","75",".278",".792","1.6","2","12546"
"Andrew Susac","Brewers","17","4","1","2","2","5",".235",".786","0.1","0","13132"
"Wilmer Flores","Mets","307","82","16","49","23","48",".267",".788","0.5","1","5827"
"Alex Dickerson","Padres","253","65","10","37","26","44",".257",".788","0.7","5","12649"
"Rougned Odor","Rangers","605","164","33","88","19","135",".271",".798","1.9","14","12282"
"Logan Forsythe","Rays","511","135","20","52","46","127",".264",".778","2.7","6","7185"
"Ian Desmond","Rangers","625","178","22","86","44","160",".285",".782","3.3","21","6885"
"Franklin Gutierrez","Mariners","248","61","14","39","29","85",".246",".780","0.6","1","3255"
"Alex Bregman","Astros","201","53","8","34","15","52",".264",".791","1.0","2","17678"
"Jefry Marte","Angels","258","65","15","44","18","59",".252",".790","1.4","2","5107"
"Martin Prado","Marlins","600","183","8","75","49","69",".305",".775","3.4","2","3312"
"John Jaso","Pirates","380","102","8","42","45","74",".268",".766","0.5","0","5887"
"Matt Holliday","Cardinals","382","94","20","62","35","71",".246",".782","0.7","0","1873"
"Brandon Drury","Diamondbacks","461","130","16","53","31","100",".282",".786","-0.3","1","11615"
"Rickie Weeks Jr.","Diamondbacks","180","43","9","27","20","54",".239",".777","0.0","5","1849"
"Cesar Hernandez","Phillies","547","161","6","39","66","116",".294",".764","4.3","17","10556"
"Adam Frazier","Pirates","146","44","2","11","12","26",".301",".767","0.7","4","15223"
"Adrian Gonzalez","Dodgers","568","162","18","90","55","117",".285",".784","1.2","0","1908"
"Shin-Soo Choo","Rangers","178","43","7","17","25","46",".242",".756","0.5","6","3174"
"David Freese","Pirates","437","118","13","55","45","142",".270",".764","1.8","0","9549"
"Dansby Swanson","Braves","129","39","3","17","13","34",".302",".803","0.8","3","18314"
"Miguel Sano","Twins","437","103","25","66","54","178",".236",".781","1.3","1","12164"
"Matt Kemp","- - -","623","167","35","108","36","156",".268",".803","0.7","1","5631"
"J.T. Realmuto","Marlins","509","154","11","48","28","100",".303",".771","3.5","12","11739"
"Tommy La Stella","Cubs","148","40","2","11","18","27",".270",".763","0.6","0","12371"
"Brad Miller","Rays","548","133","30","81","47","149",".243",".786","2.0","6","12775"
"Jorge Soler","Cubs","227","54","12","31","31","66",".238",".769","0.6","0","14221"
"Adam Duvall","Reds","552","133","33","103","41","164",".241",".795","2.9","6","10950"
"Jarrett Parker","Giants","127","30","5","14","19","44",".236",".751","0.2","0","11624"
"Daniel Descalso","Rockies","250","66","8","38","34","56",".264",".773","0.5","3","8392"
"Gregory Polanco","Pirates","527","136","22","86","53","119",".258",".786","2.4","17","12907"
"Nick Franklin","Rays","174","47","6","26","12","42",".270",".771","0.0","6","10166"
"Jose Peraza","Reds","241","78","3","25","7","33",".324",".762","0.7","21","13593"
"Albert Pujols","Angels","593","159","31","119","49","75",".268",".780","0.8","4","1177"
"Steven Moya","Tigers","94","24","5","11","5","38",".255",".790","-0.4","0","11854"
"Seth Smith","Mariners","378","94","16","63","48","89",".249",".758","0.5","0","7331"
"Matt Adams","Cardinals","297","74","16","54","25","81",".249",".780","0.6","0","9393"
"Marcell Ozuna","Marlins","557","148","23","76","43","115",".266",".773","2.5","0","10324"
"Tommy Pham","Cardinals","159","36","9","17","20","71",".226",".764","0.1","2","2967"
"Justin Upton","Tigers","570","140","31","87","50","179",".246",".775","1.3","9","5222"
"Jose Reyes","Mets","255","68","8","24","23","49",".267",".769","1.3","9","1736"
"Brandon Moss","Cardinals","413","93","28","67","39","141",".225",".784","1.4","1","4467"
"Alex Avila","White Sox","169","36","7","11","38","78",".213",".732","1.1","0","7476"
"Andrew McCutchen","Pirates","598","153","24","79","69","143",".256",".766","0.6","6","9847"
"Marlon Byrd","Indians","115","31","5","19","11","38",".270",".778","0.7","0","950"
"Scott Schebler","Reds","257","68","9","40","19","59",".265",".762","0.6","2","12225"
"Jayson Werth","Nationals","525","128","21","69","71","139",".244",".752","1.0","5","1327"
"Joe Mauer","Twins","494","129","11","49","79","93",".261",".752","0.9","2","1857"
"Brandon Crawford","Giants","553","152","12","84","57","115",".275",".772","5.7","7","5343"
"Lonnie Chisenhall","Indians","385","110","8","57","23","70",".286",".767","1.1","6","7571"
"Yunel Escobar","Angels","517","157","5","39","40","67",".304",".745","1.5","0","4191"
"Troy Tulowitzki","Blue Jays","492","125","24","79","43","101",".254",".761","2.9","1","3531"
"Manny Pina","Brewers","71","18","2","12","10","15",".254",".740","0.3","0","2829"
"Eric Hosmer","Royals","605","161","25","104","57","132",".266",".761","-0.1","5","3516"
"Brian McCann","Yankees","429","104","20","58","54","99",".242",".748","1.3","1","4810"
"Todd Frazier","White Sox","590","133","40","98","64","163",".225",".767","2.5","15","785"
"Jorge Polanco","Twins","245","69","4","27","17","46",".282",".757","-0.1","4","13152"
"David Ross","Cubs","166","38","10","32","30","54",".229",".784","1.7","0","1551"
"Albert Almora Jr.","Cubs","112","31","3","14","5","20",".277",".763","0.9","0","14109"
"Randal Grichuk","Cardinals","446","107","24","68","28","141",".240",".769","2.2","5","10243"
"Wilmer Difo","Nationals","58","16","1","7","8","12",".276",".743","0.5","3","14320"
"Nori Aoki","Mariners","417","118","4","28","34","45",".283",".738","1.2","7","13075"
"Tyler Austin","Yankees","83","20","5","12","7","36",".241",".758","0.0","1","11850"
"Gorkys Hernandez","Giants","54","14","2","4","3","11",".259",".761","0.2","0","4146"
"Billy Butler","- - -","250","71","5","35","21","42",".284",".752","-0.4","0","7399"
"Jeremy Hazelbaker","Cardinals","200","47","12","28","18","64",".235",".775","0.1","5","9399"
"Marco Hernandez","Red Sox","51","15","1","5","5","10",".294",".730","-0.2","1","13154"
"Angel Pagan","Giants","495","137","12","55","42","66",".277",".750","2.0","15","2918"
"Eduardo Nunez","- - -","553","159","16","67","29","88",".288",".758","2.6","40","6848"
"Josh Reddick","- - -","398","112","10","37","39","56",".281",".749","1.1","8","3892"
"Nick Hundley","Rockies","289","75","10","48","25","65",".260",".759","0.4","0","3376"
"Kevin Kiermaier","Rays","366","90","12","37","40","74",".246",".741","3.7","21","11038"
"Josh Rutledge","Red Sox","49","13","0","3","6","19",".265",".733","0.2","2","11167"
"Roman Quinn","Phillies","57","15","0","6","8","19",".263",".706","0.4","5","13546"
"Ramiro Pena","Giants","87","26","1","10","2","16",".299",".755","0.2","0","8841"
"Lorenzo Cain","Royals","397","114","9","56","31","84",".287",".747","2.5","14","9077"
"Russell Martin","Blue Jays","455","105","20","74","64","148",".231",".733","1.9","2","4616"
"Cameron Rupp","Phillies","389","98","16","54","24","114",".252",".750","1.6","1","11146"
"Carlos Ruiz","- - -","201","53","3","15","27","33",".264",".713","1.5","3","2579"
"Nick Markakis","Braves","599","161","13","89","71","101",".269",".744","1.1","0","5930"
"Blake Swihart","Red Sox","62","16","0","5","11","17",".258",".720","0.5","0","13176"
"Richie Shaffer","Rays","48","12","1","4","5","18",".250",".752","0.1","0","13271"
"Bruce Maxwell","Athletics","92","26","1","14","8","24",".283",".739","0.3","0","13866"
"Ichiro Suzuki","Marlins","327","95","1","22","30","42",".291",".730","1.4","10","1101"
"Yasiel Puig","Dodgers","334","88","11","45","24","74",".263",".740","1.0","5","14225"
"Jonathan Schoop","Orioles","615","164","25","82","21","137",".267",".752","2.1","1","11265"
"Brian Goodwin","Nationals","42","12","0","5","2","14",".286",".747","-0.1","0","12858"
"Hernan Iribarren","Reds","45","14","0","2","0","11",".311",".756","0.2","1","4177"
"Welington Castillo","Diamondbacks","416","110","14","68","33","121",".264",".745","1.6","2","3256"
"Jon Jay","Padres","347","101","2","26","19","78",".291",".728","1.2","2","5227"
"Ender Inciarte","Braves","522","152","3","29","45","68",".291",".732","3.6","16","4922"
"Didi Gregorius","Yankees","562","155","20","70","19","82",".276",".751","2.7","7","6012"
"Corey Dickerson","Rays","510","125","24","70","33","134",".245",".761","1.5","0","10762"
"Adam Jones","Orioles","619","164","29","83","39","115",".265",".746","1.5","2","6368"
"Francisco Cervelli","Pirates","326","86","1","33","56","72",".264",".699","1.6","6","5275"
"Nomar Mazara","Rangers","516","137","20","64","39","112",".266",".739","1.2","0","14553"
"Dae-Ho Lee","Mariners","292","74","14","49","20","74",".253",".740","0.3","0","18722"
"Trayce Thompson","Dodgers","236","53","13","32","26","66",".225",".738","0.4","5","9952"
"Logan Morrison","Rays","353","84","14","43","37","89",".238",".733","0.5","4","9205"
"Mac Williamson","Giants","112","25","6","15","13","35",".223",".726","0.5","0","14158"
"Brett Gardner","Yankees","547","143","7","41","70","106",".261",".713","2.4","16","9927"
"Ryan Rua","Rangers","240","62","8","22","21","76",".258",".731","0.5","9","12409"
"Paulo Orlando","Royals","457","138","5","43","13","105",".302",".734","1.7","14","8628"
"Jace Peterson","Braves","350","89","7","29","52","69",".254",".715","0.0","5","12325"
"Addison Russell","Cubs","525","125","21","95","55","135",".238",".738","3.9","5","14106"
"Eugenio Suarez","Reds","565","140","21","70","51","155",".248",".728","1.7","11","12552"
"Jarrod Dyson","Royals","299","83","1","25","26","39",".278",".728","3.1","30","4866"
"Cheslor Cuthbert","Royals","475","130","12","46","32","96",".274",".731","0.3","2","10473"
"Javier Baez","Cubs","421","115","14","59","15","108",".273",".737","2.7","12","12979"
"A.J. Pollock","Diamondbacks","41","10","2","4","5","8",".244",".716","0.4","4","9256"
"Tim Anderson","White Sox","410","116","9","30","13","117",".283",".738","2.5","10","15172"
"Marcus Semien","Athletics","568","135","27","75","51","139",".238",".735","2.3","10","12533"
"Rey Fuentes","Royals","41","13","0","5","3","8",".317",".705","-0.1","0","10329"
"Brandon Phillips","Reds","550","160","11","64","18","68",".291",".736","1.0","14","791"
"Chris Heisey","Nationals","139","30","9","17","13","44",".216",".736","0.3","0","3978"
"Scooter Gennett","Brewers","498","131","14","56","38","114",".263",".728","0.1","8","10339"
"Tim Beckham","Rays","198","49","5","16","14","67",".247",".735","1.1","2","7949"
"Conor Gillaspie","Giants","191","50","6","25","12","28",".262",".747","1.1","1","9009"
"Kelby Tomlinson","Giants","106","31","0","6","12","18",".292",".700","0.8","5","13005"
"Andres Blanco","Phillies","190","48","4","21","11","41",".253",".721","0.1","2","1907"
"Max Kepler","Twins","396","93","17","63","42","93",".235",".734","1.0","6","12144"
"Patrick Corbin","Diamondbacks","49","15","0","4","1","14",".306",".728","0.6","0","9323"
"Starlin Castro","Yankees","577","156","21","70","24","118",".270",".734","1.1","4","4579"
"Tyler Saladino","White Sox","298","84","8","38","13","62",".282",".725","1.3","11","10807"
"Kirk Nieuwenhuis","Brewers","335","70","13","44","56","133",".209",".709","1.0","8","6400"
"Aaron Hill","- - -","378","99","10","38","41","59",".262",".714","1.1","4","6104"
"Zack Cozart","Reds","464","117","16","50","37","84",".252",".732","2.5","4","2616"
"Tony Wolters","Rockies","205","53","3","30","21","53",".259",".723","0.9","4","11470"
"Chase Utley","Dodgers","512","129","14","52","40","115",".252",".716","1.9","2","1679"
"Hernan Perez","Brewers","404","110","13","56","18","94",".272",".730","1.2","34","5751"
"Michael Conforto","Mets","304","67","12","42","36","89",".220",".725","1.3","2","16376"
"Denard Span","Giants","572","152","11","53","53","79",".266",".712","1.4","12","8347"
"Maikel Franco","Phillies","581","148","25","88","40","106",".255",".733","1.4","1","12179"
"Brett Lawrie","White Sox","351","87","12","36","30","109",".248",".723","1.0","7","5247"
"Ty Kelly","Mets","58","14","1","7","11","9",".241",".697","0.4","0","7740"
"Justin Morneau","White Sox","203","53","6","25","12","52",".261",".731","0.1","0","1737"
"Chris Owings","Diamondbacks","437","121","5","49","20","87",".277",".731","0.6","21","10030"
"Chase Headley","Yankees","467","117","14","51","51","118",".251",".712","2.6","8","4720"
"Trevor Plouffe","Twins","319","83","12","47","19","60",".260",".723","-0.4","1","7462"
"Corey Kluber","Indians","4","1","0","0","0","3",".250",".750","0.1","0","2429"
"Pat Valaika","Rockies","19","5","1","2","0","8",".263",".737","-0.1","0","14885"
"Jake Arrieta","Cubs","65","17","2","7","4","28",".262",".720","0.9","0","4153"
"Travis Shaw","Red Sox","480","116","16","71","43","133",".242",".726","1.6","5","11982"
"Whit Merrifield","Royals","311","88","2","29","19","72",".283",".716","1.7","8","11281"
"Justin Smoak","Blue Jays","299","65","14","34","40","112",".217",".705","-0.1","1","9054"
"Ryan Raburn","Rockies","223","49","9","30","28","80",".220",".712","-0.1","0","2218"
"Jacoby Ellsbury","Yankees","551","145","9","56","54","84",".263",".703","2.0","20","4727"
"Steven Souza Jr.","Rays","430","106","17","49","31","159",".247",".713","1.3","7","5667"
"Brock Holt","Red Sox","290","74","7","34","27","58",".255",".705","0.2","4","9345"
"Adonis Garcia","Braves","532","145","14","65","24","93",".273",".717","0.8","3","13777"
"Teoscar Hernandez","Astros","100","23","4","11","11","28",".230",".724","-0.3","0","13066"
"David Peralta","Diamondbacks","171","43","4","15","8","42",".251",".728","0.2","2","2136"
"Jhonny Peralta","Cardinals","289","75","8","29","20","56",".260",".715","-0.5","0","1738"
"Salvador Perez","Royals","514","127","22","64","22","119",".247",".725","2.3","0","7304"
"Mitch Moreland","Rangers","460","107","22","60","35","118",".233",".720","0.4","1","3086"
"J.J. Hardy","Orioles","405","109","9","48","26","68",".269",".716","2.4","0","3797"
"Matt Wieters","Orioles","423","103","17","66","32","85",".243",".711","1.8","1","4298"
"Juan Centeno","Twins","176","46","3","25","12","38",".261",".704","0.4","0","7168"
"Adam Wainwright","Cardinals","62","14","2","18","2","17",".226",".734","0.9","0","2233"
"Matt Szczur","Cubs","185","48","5","24","13","39",".259",".712","0.7","2","11255"
"Stephen Vogt","Athletics","490","123","14","56","35","83",".251",".711","1.7","0","5000"
"Joey Rickard","Orioles","257","69","5","19","18","54",".268",".696","-0.7","4","13277"
"Omar Narvaez","White Sox","101","27","1","10","14","14",".267",".687","0.2","0","13338"
"Adam Lind","Mariners","401","96","20","58","26","89",".239",".717","-0.6","0","8027"
"Kyle Jensen","Diamondbacks","31","6","2","7","2","13",".194",".716","0.1","0","7706"
"Lucas Duda","Mets","153","35","7","23","15","36",".229",".714","0.1","0","2502"
"Eddie Rosario","Twins","335","90","10","32","12","91",".269",".716","0.9","5","12155"
"Byron Buxton","Twins","298","67","10","38","23","118",".225",".714","1.7","10","14161"
"Jordy Mercer","Pirates","519","133","11","59","51","83",".256",".701","1.1","1","6547"
"Howie Kendrick","Dodgers","487","124","8","40","50","96",".255",".691","0.9","10","4229"
"Guillermo Heredia","Mariners","92","23","1","12","12","15",".250",".664","0.4","1","18721"
"Mitch Haniger","Diamondbacks","109","25","5","17","12","27",".229",".713","0.6","0","14274"
"Kurt Suzuki","Twins","345","89","8","49","18","48",".258",".704","0.5","0","8259"
"Juan Graterol","Angels","14","4","0","3","0","3",".286",".714","0.1","0","5398"
"Darwin Barney","Blue Jays","279","75","4","19","22","48",".269",".695","1.5","2","2430"
"Alex Gordon","Royals","445","98","17","40","52","148",".220",".692","1.3","8","5209"
"Phil Gosselin","Diamondbacks","220","61","2","13","15","46",".277",".692","0.5","3","10953"
"Donovan Solano","Yankees","22","5","1","2","1","3",".227",".715","0.1","0","8623"
"James Loney","Mets","343","91","9","34","16","37",".265",".703","-0.2","0","4556"
"Rajai Davis","Indians","454","113","12","48","33","106",".249",".693","1.9","43","3708"
"Avisail Garcia","White Sox","413","101","12","51","34","115",".245",".692","0.6","4","5760"
"Andrelton Simmons","Angels","448","126","4","44","28","38",".281",".690","3.1","10","10847"
"Coco Crisp","- - -","446","103","13","55","46","78",".231",".698","-0.5","10","1572"
"Kelly Johnson","- - -","304","75","10","34","25","65",".247",".698","0.7","4","2234"
"Jose Lobaton","Nationals","99","23","3","8","12","18",".232",".692","0.3","0","4243"
"Ezequiel Carrera","Blue Jays","270","67","6","23","27","70",".248",".679","0.7","7","9048"
"Jason Castro","Astros","329","69","11","32","45","123",".210",".684","1.2","2","8722"
"Josh Harrison","Pirates","487","138","4","59","18","76",".283",".699","1.4","19","8202"
"Bryce Brentz","Red Sox","61","17","1","7","3","17",".279",".690","-0.2","0","10607"
"Logan Schafer","Twins","63","15","0","1","8","16",".238",".660","-0.1","0","7937"
"Drew Stubbs","- - -","80","18","3","7","12","38",".225",".667","-0.2","9","9328"
"Tucker Barnhart","Reds","377","97","7","51","36","72",".257",".702","0.9","1","10200"
"Joe Panik","Giants","464","111","10","62","50","47",".239",".695","2.1","5","11936"
"Josh Phegley","Athletics","78","20","1","10","5","13",".256",".686","0.2","0","9308"
"Kolten Wong","Cardinals","313","75","5","23","34","52",".240",".682","1.3","7","12532"
"Mallex Smith","Braves","189","45","3","22","20","48",".238",".681","0.5","16","13608"
"Brandon Nimmo","Mets","73","20","1","6","6","20",".274",".666","0.2","0","12927"
"Tyler Collins","Tigers","136","32","4","15","13","38",".235",".687","0.1","1","12723"
"Erik Gonzalez","Indians","16","5","0","0","1","8",".313",".665","-0.1","0","13369"
"Yonder Alonso","Athletics","482","122","7","56","45","74",".253",".683","-0.5","3","2530"
"Miguel Montero","Cubs","241","52","8","33","38","58",".216",".684","-0.1","1","3364"
"Michael Bourn","- - -","375","99","5","38","28","92",".264",".684","0.4","15","6387"
"Marwin Gonzalez","Astros","484","123","13","51","22","118",".254",".694","0.3","12","5497"
"Leonys Martin","Mariners","518","128","15","47","44","149",".247",".684","2.2","24","11846"
"Ryan Howard","Phillies","331","65","25","59","27","114",".196",".710","-1.0","0","2154"
"Melvin Upton Jr.","- - -","492","117","20","61","37","155",".238",".693","1.2","27","5015"
"Ehire Adrianza","Giants","63","16","2","7","2","13",".254",".679","0.2","0","8418"
"Carlos Gomez","- - -","411","95","13","53","34","136",".231",".682","0.9","18","4881"
"Jurickson Profar","Rangers","272","65","5","20","30","61",".239",".660","0.4","2","10815"
"Kevin Pillar","Blue Jays","548","146","7","53","24","90",".266",".679","3.3","14","12434"
"Ronald Torreyes","Yankees","155","40","1","12","10","20",".258",".680","0.5","2","11400"
"Abraham Almonte","Indians","182","48","1","22","8","42",".264",".695","0.3","8","5486"
"Byung-ho Park","Twins","215","41","12","24","21","80",".191",".684","0.0","1","18497"
"Billy Hamilton","Reds","411","107","3","17","36","93",".260",".664","3.1","58","10199"
"Juan Lagares","Mets","142","34","3","9","11","27",".239",".682","0.9","4","5384"
"Danny Espinosa","Nationals","516","108","24","72","54","174",".209",".684","1.7","9","9219"
"Martin Maldonado","Brewers","208","42","8","21","35","56",".202",".683","0.9","1","6887"
"Jake Elmore","Brewers","78","17","0","4","17","17",".218",".615","-0.6","2","7290"
"Chris Hatcher","Dodgers","3","1","0","1","0","0",".333",".667","0.0","0","3299"
"Hector Santiago","Angels","3","1","0","0","0","1",".333",".667","0.0","0","4026"
"Martin Perez","Rangers","3","1","0","0","0","1",".333",".667","0.0","0","6902"
"Wilfredo Boscan","Pirates","3","1","0","1","0","1",".333",".667","0.0","0","7655"
"Christian Bergman","Rockies","3","1","0","0","0","0",".333",".667","0.0","0","10925"
"Yordano Ventura","Royals","3","1","0","0","0","2",".333",".667","0.0","0","11855"
"Lance McCullers","Astros","3","1","0","0","0","0",".333",".667","0.0","0","14120"
"Eric Fryer","- - -","116","31","0","13","13","25",".267",".655","0.5","0","8145"
"Travis Jankowski","Padres","335","82","2","12","42","100",".245",".646","2.1","30","13768"
"Matt Duffy","- - -","333","86","5","28","23","53",".258",".668","1.2","8","13836"
"David Lough","Phillies","67","16","0","4","9","8",".239",".655","-0.2","1","7215"
"Noah Syndergaard","Mets","58","11","3","6","7","34",".190",".673","0.8","0","11762"
"Yulieski Gurriel","Astros","130","34","3","15","5","12",".262",".677","0.1","1","19198"
"Nolan Reimold","Orioles","203","45","6","15","22","62",".222",".664","-0.4","1","3441"
"Rob Segedin","Dodgers","73","17","2","12","6","22",".233",".671","0.1","0","11446"
"Austin Jackson","White Sox","181","46","0","18","17","39",".254",".661","-0.1","2","9848"
"Peter Bourjos","Phillies","355","89","5","23","17","91",".251",".681","0.3","6","2578"
"Matt Reynolds","Mets","89","20","3","13","4","34",".225",".682","0.2","0","13788"
"Jeff Francoeur","- - -","307","78","7","34","20","90",".254",".675","0.3","2","4792"
"Grant Green","Giants","46","12","1","7","3","8",".261",".670","-0.3","0","10053"
"Cory Spangenberg","Padres","48","11","1","8","4","13",".229",".656","0.1","1","12294"
"Jett Bandy","Angels","209","49","8","25","11","38",".234",".673","0.7","1","12508"
"Mason Williams","Yankees","27","8","0","2","1","12",".296",".655","0.2","0","11859"
"Charlie Culberson","Dodgers","67","19","1","7","1","13",".284",".667","0.1","1","3298"
"Chase d'Arnaud","Braves","233","57","1","21","23","50",".245",".652","0.3","9","6652"
"Tyler White","Astros","249","54","8","28","23","65",".217",".664","-0.3","1","15564"
"Mark Teixeira","Yankees","387","79","15","44","47","105",".204",".654","-1.1","2","1281"
"Dustin Garneau","Rockies","68","16","1","6","6","22",".235",".661","0.0","0","9433"
"Francisco Liriano","Pirates","42","12","1","5","0","16",".286",".667","0.5","0","3201"
"Junior Lake","Blue Jays","35","7","1","2","4","11",".200",".653","-0.1","1","4672"
"Jason Coats","White Sox","50","10","1","4","5","12",".200",".638","0.1","1","14282"
"Johnny Giavotella","Angels","346","90","6","31","13","39",".260",".662","0.0","4","6740"
"Gerardo Parra","Rockies","368","93","7","39","9","73",".253",".671","-1.7","6","8553"
"Freddy Galvis","Phillies","584","141","20","67","25","136",".241",".673","2.3","17","6609"
"Jake Smolinski","Athletics","290","69","7","27","19","44",".238",".644","-0.3","1","5408"
"Tyler Holt","Reds","179","42","0","13","23","48",".235",".623","-0.6","4","11391"
"Michael Taylor","Nationals","221","51","7","16","14","77",".231",".654","0.4","14","11489"
"Jose Iglesias","Tigers","467","119","4","32","28","50",".255",".643","2.0","7","10231"
"Stephen Cardullo","Rockies","56","12","2","6","3","12",".214",".665","-0.3","0","11204"
"Chris Iannetta","Mariners","295","62","7","24","38","83",".210",".631","0.9","0","8267"
"Bud Norris","- - -","27","6","0","1","3","7",".222",".619","0.4","0","9492"
"Jed Lowrie","Athletics","338","89","2","27","26","65",".263",".637","-0.8","0","4418"
"Jabari Blash","Padres","71","12","3","5","11","34",".169",".622","0.1","1","11247"
"Trevor Brown","Giants","173","41","5","19","10","39",".237",".647","0.2","0","13895"
"Gregorio Petit","Angels","204","50","2","17","15","51",".245",".647","-0.2","1","3812"
"Jason Heyward","Cubs","530","122","7","49","54","93",".230",".631","1.5","11","4940"
"Colby Rasmus","Astros","369","76","15","54","43","121",".206",".641","1.4","4","9893"
"Rob Refsnyder","Yankees","152","38","0","12","18","30",".250",".637","-0.3","2","13770"
"Patrick Kivlehan","- - -","21","4","1","2","2","11",".190",".625","-0.2","0","13910"
"Gordon Beckham","- - -","245","52","5","31","26","52",".212",".641","-0.6","1","9015"
"Clint Robinson","Nationals","197","46","5","26","20","39",".234",".634","-1.2","0","6908"
"Brett Wallace","Padres","217","41","6","20","29","83",".189",".627","-0.8","0","8434"
"Dee Gordon","Marlins","325","87","1","14","18","55",".268",".641","1.0","30","8203"
"Andrew Romine","Tigers","174","41","2","16","13","38",".236",".626","0.6","8","1159"
"Luis Sardinas","- - -","180","44","4","18","12","48",".244",".651","-0.2","4","13153"
"Travis d'Arnaud","Mets","251","62","4","15","19","50",".247",".629","0.1","0","7739"
"Cody Asche","Phillies","197","42","4","18","18","54",".213",".635","-0.6","3","11997"
"Desmond Jennings","Rays","200","40","7","20","21","58",".200",".631","-0.5","2","1965"
"Alcides Escobar","Royals","637","166","7","55","27","96",".261",".642","0.5","17","6310"
"Bryan Holaday","- - -","117","27","2","14","7","28",".231",".640","0.4","0","11287"
"Anthony Gose","Tigers","91","19","2","7","9","38",".209",".628","0.1","0","5097"
"Jarrod Saltalamacchia","Tigers","246","42","12","38","41","104",".171",".630","0.1","0","5557"
"Oswaldo Arcia","- - -","202","41","8","23","18","80",".203",".637","-0.9","1","10306"
"Ivan De Jesus","Reds","221","56","1","20","17","51",".253",".623","0.1","3","9886"
"Ryan Zimmerman","Nationals","427","93","15","46","29","104",".218",".642","-1.3","4","4220"
"Jimmy Rollins","White Sox","149","33","2","8","16","33",".221",".624","0.0","5","971"
"Chad Pinder","Athletics","51","12","1","4","3","14",".235",".645","-0.3","0","15191"
"Prince Fielder","Rangers","326","69","8","44","32","63",".212",".626","-1.8","0","4613"
"Ricky Nolasco","- - -","3","0","0","0","2","1",".000",".400","0.1","0","3830"
"Alejandro De Aza","Mets","234","48","6","25","26","67",".205",".618","-0.2","4","3371"
"Shawn O'Malley","Mariners","210","48","2","17","18","59",".229",".618","0.2","6","9629"
"Steve Clevenger","Mariners","68","15","1","7","8","14",".221",".611","-0.2","0","9542"
"Tony Kemp","Astros","120","26","1","7","14","27",".217",".621","-0.5","2","14894"
"Austin Romine","Yankees","165","40","4","26","7","31",".242",".650","-0.1","1","5491"
"Orlando Arcia","Brewers","201","44","4","17","15","47",".219",".631","-0.2","8","13185"
"Cole Gillespie","Marlins","51","12","0","5","3","14",".235",".645","-0.5","0","5888"
"Cristhian Adames","Rockies","225","49","2","17","24","47",".218",".607","-1.0","2","6013"
"Madison Bumgarner","Giants","86","16","3","9","10","43",".186",".629","1.0","0","5524"
"James McCann","Tigers","344","76","12","48","23","109",".221",".629","0.7","0","12859"
"Rene Rivera","Mets","185","41","6","26","16","54",".222",".632","0.5","0","3648"
"Christian Bethancourt","Padres","193","44","6","25","10","56",".228",".633","0.0","1","10028"
"Daniel Robertson","Mariners","19","5","0","1","1","3",".263",".616","-0.1","0","6266"
"Gregor Blanco","Giants","241","54","1","18","29","51",".224",".620","-0.7","6","3123"
"Ramon Cabrera","Reds","171","42","3","23","8","30",".246",".635","-0.2","1","10327"
"Manuel Margot","Padres","37","9","0","3","0","7",".243",".649","0.3","2","14712"
"Chris Stewart","Pirates","98","21","1","7","12","15",".214",".604","0.0","0","3878"
"Erick Aybar","- - -","415","101","3","34","31","70",".243",".623","-1.2","3","4082"
"Destin Hood","Marlins","25","6","1","2","0","11",".240",".640","-0.1","0","9887"
"Julio Borbon","Orioles","13","4","0","0","0","3",".308",".615","-0.2","0","3209"
"Bobby Wilson","- - -","228","54","7","33","11","64",".237",".626","0.0","0","6564"
"Aaron Hicks","Yankees","327","71","8","31","30","68",".217",".617","-0.2","3","5297"
"Aaron Altherr","Phillies","198","40","4","23","23","69",".202",".597","-0.3","7","11270"
"Enrique Hernandez","Dodgers","216","41","7","18","28","64",".190",".607","0.2","2","10472"
"Ryan Flaherty","Orioles","157","34","3","15","17","48",".217",".610","0.0","2","7888"
"Eduardo Escobar","Twins","352","83","6","37","21","72",".236",".618","-0.6","1","6153"
"Chris Coghlan","- - -","261","49","6","30","35","73",".188",".608","-0.5","2","6878"
"Xavier Scruggs","Marlins","62","13","1","5","5","20",".210",".596","-0.3","0","7409"
"Curt Casali","Rays","226","42","8","25","25","82",".186",".609","0.0","0","12510"
"Brett Eibner","- - -","187","36","6","22","19","50",".193",".619","0.2","0","11369"
"Taylor Motter","Rays","80","15","2","9","11","19",".188",".590","-0.3","0","12399"
"Aaron Judge","Yankees","84","15","4","10","9","42",".179",".608","-0.3","0","15640"
"Ji-Man Choi","Angels","112","19","5","12","16","27",".170",".611","-0.3","2","5452"
"Scott Van Slyke","Dodgers","102","23","1","7","5","24",".225",".606","-0.2","1","4365"
"Chris Johnson","Marlins","243","54","5","24","19","78",".222",".611","-0.8","0","1191"
"A.J. Ellis","- - -","171","37","2","22","19","31",".216",".599","-0.1","2","5677"
"Ketel Marte","Mariners","437","113","1","33","18","84",".259",".610","-0.7","11","13613"
"Jimmy Paredes","- - -","158","35","5","19","7","48",".222",".620","-0.1","0","5481"
"Daniel Nava","- - -","130","29","1","13","10","30",".223",".590","-0.4","0","5450"
"Joey Wendle","Athletics","96","25","1","11","6","16",".260",".600","0.0","2","13853"
"Leury Garcia","White Sox","48","11","1","5","1","13",".229",".614","0.0","2","5913"
"Danny Santana","Twins","233","56","2","14","12","55",".240",".606","-0.7","12","10322"
"Rusney Castillo","Red Sox","8","2","0","0","0","3",".250",".625","0.0","0","17016"
"Miguel Rojas","Marlins","194","48","1","14","11","27",".247",".613","0.1","2","7802"
"Chris Gimenez","Indians","139","30","4","11","10","41",".216",".602","-0.5","0","7324"
"Alexei Ramirez","- - -","478","115","6","48","21","63",".241",".610","-2.4","8","5133"
"Christian Colon","Royals","147","34","1","13","11","31",".231",".586","0.1","0","11145"
"Jhoulys Chacin","- - -","10","3","0","1","0","1",".300",".600","0.1","0","2608"
"Andre Ethier","Dodgers","24","5","1","2","2","6",".208",".644","-0.2","0","6265"
"Joe Ross","Nationals","41","10","0","1","3","15",".244",".588","0.4","0","12972"
"Oscar Hernandez","Diamondbacks","11","2","1","1","0","0",".182",".636","0.0","0","13490"
"Matt den Dekker","Nationals","34","6","1","4","4","10",".176",".576","0.1","1","11385"
"Edwin Jackson","Padres","23","5","0","2","3","11",".217",".569","0.3","1","1841"
"Max Muncy","Athletics","113","21","2","8","20","24",".186",".565","0.0","0","13301"
"Chris Taylor","- - -","61","13","1","7","4","15",".213",".622","-0.1","0","13757"
"Jeff Mathis","Marlins","126","30","2","15","4","36",".238",".601","0.1","0","3448"
"Delino DeShields","Rangers","182","38","4","13","15","54",".209",".588","0.2","8","11379"
"Roberto Perez","Indians","153","28","3","17","23","44",".183",".579","0.4","0","2900"
"Zach Eflin","Phillies","23","6","0","0","0","8",".261",".609","0.2","0","13774"
"Omar Infante","Royals","134","32","0","11","9","23",".239",".600","0.0","0","1609"
"Luke Maile","Rays","119","27","3","15","4","36",".227",".613","0.2","0","13355"
"Alex Rodriguez","Yankees","225","45","9","31","14","67",".200",".598","-1.2","3","1274"
"Dioner Navarro","- - -","304","63","6","35","23","71",".207",".587","-0.3","1","3179"
"Ben Gamel","- - -","48","9","1","5","6","16",".188",".569","-0.3","0","12160"
"Christian Vazquez","Red Sox","172","39","1","12","10","39",".227",".585","0.0","0","9774"
"Jake Marisnick","Astros","287","60","5","21","16","83",".209",".588","-0.1","10","11339"
"Rafael Ortega","Angels","185","43","1","16","13","23",".232",".575","-0.3","8","10323"
"Robert Andino","Marlins","24","7","0","1","0","4",".292",".583","0.0","0","4900"
"Juan Uribe","Indians","238","49","7","25","15","49",".206",".591","0.1","0","454"
"Adeiny Hechavarria","Marlins","508","120","3","38","33","73",".236",".594","0.5","1","10459"
"Mike Freeman","- - -","22","5","0","1","2","7",".227",".564","-0.1","0","11241"
"Kevin Plawecki","Mets","132","26","1","11","17","33",".197",".563","-0.1","0","13807"
"Hank Conger","Rays","124","24","3","10","12","40",".194",".571","-0.4","0","2505"
"Nick Buss","Angels","81","16","1","8","6","24",".198",".593","0.1","2","6835"
"Yolmer Sanchez","White Sox","154","32","4","21","5","42",".208",".593","-0.3","0","11602"
"Cliff Pennington","Angels","172","36","3","10","13","55",".209",".573","-0.2","1","3395"
"Jerry Sands","White Sox","55","13","1","7","3","24",".236",".567","-0.4","0","4016"
"Michael Martinez","- - -","101","24","1","4","4","23",".238",".574","-0.2","0","7358"
"Derek Norris","Padres","415","77","14","42","36","139",".186",".583","-0.3","9","6867"
"J.A. Happ","Blue Jays","7","2","0","0","0","3",".286",".571","0.1","0","7410"
"Hunter Dozier","Royals","19","4","0","1","2","8",".211",".549","-0.1","0","15117"
"Ramon Flores","Brewers","249","51","2","19","31","58",".205",".555","-1.2","3","11165"
"Matt Olson","Athletics","21","2","0","0","7","4",".095",".464","-0.2","0","14344"
"Alexi Amarista","Padres","140","36","0","11","8","26",".257",".567","-0.6","9","9063"
"Raimel Tapia","Rockies","38","10","0","3","2","11",".263",".556","0.0","3","14350"
"Alex Wood","Dodgers","16","4","0","2","1","9",".250",".544","0.2","0","13781"
"Alex Presley","- - -","121","24","3","11","11","25",".198",".558","-0.8","0","5305"
"Brandon Barnes","Rockies","100","22","0","8","3","30",".220",".570","0.0","1","629"
"Billy Burns","- - -","311","73","0","13","10","37",".235",".566","-0.6","17","12701"
"Carlos Perez","Angels","268","56","5","31","12","49",".209",".568","0.0","1","10642"
"Ben Revere","Nationals","350","76","2","24","18","34",".217",".560","-1.2","14","4712"
"Pedro Florimon","Pirates","24","5","0","4","1","12",".208",".573","0.0","0","8385"
"Darin Ruf","Phillies","83","17","3","9","4","25",".205",".573","-0.7","0","9929"
"Nick Ahmed","Diamondbacks","284","62","4","20","15","58",".218",".564","0.1","5","12147"
"A.J. Reed","Astros","122","20","3","8","18","48",".164",".532","-0.9","0","16246"
"Tyler Goeddel","Phillies","213","41","4","16","17","52",".192",".549","-1.4","3","13180"
"Ben Paulsen","Rockies","92","20","1","11","5","27",".217",".562","-1.1","0","9741"
"Jason Rogers","Pirates","25","2","0","2","7","9",".080",".463","-0.1","0","11773"
"Jose Fernandez","Marlins","52","13","0","6","1","13",".250",".553","0.5","0","11530"
"Paul Janish","Orioles","31","6","0","0","3","3",".194",".512","0.0","0","7412"
"Stefen Romero","Mariners","17","4","0","3","1","4",".235",".557","-0.1","0","11746"
"J.B. Shuck","White Sox","224","46","4","14","12","21",".205",".547","-1.6","3","6677"
"Jason Hammel","Cubs","65","16","0","7","1","24",".246",".550","0.5","0","4538"
"Preston Tucker","Astros","134","22","4","8","8","40",".164",".551","-0.8","0","13633"
"Michael Brantley","Indians","39","9","0","7","3","6",".231",".561","0.0","1","4106"
"Colin Walsh","Brewers","47","4","0","2","15","22",".085",".424","-0.3","0","10961"
"James Beresford","Twins","22","5","0","0","1","6",".227",".534","-0.1","0","4626"
"Kyle Waldrop","Reds","22","5","0","1","1","5",".227",".534","-0.1","0","11402"
"Eric Campbell","Mets","75","13","1","9","10","24",".173",".511","-0.3","1","6938"
"Jared Hoying","Rangers","46","10","0","5","3","8",".217",".526","-0.2","1","10882"
"Mike Aviles","Tigers","167","35","1","6","9","27",".210",".528","-1.4","2","5986"
"A.J. Pierzynski","Braves","247","54","2","23","6","29",".219",".547","-1.0","1","746"
"Socrates Brito","Diamondbacks","95","17","4","12","2","23",".179",".554","-0.2","2","12944"
"Ryan Goins","Blue Jays","183","34","3","12","9","48",".186",".534","-1.0","1","9807"
"Carlos Asuaje","Padres","24","5","0","2","1","4",".208",".532","-0.1","0","15197"
"Clay Buchholz","Red Sox","2","0","0","0","1","2",".000",".333","0.0","0","3543"
"Daniel Norris","Tigers","2","0","0","0","1","0",".000",".333","0.0","0","13475"
"Blake Snell","Rays","2","0","0","0","1","1",".000",".333","0.0","0","13543"
"Kevin Gausman","Orioles","2","0","0","0","1","2",".000",".333","0.0","0","14107"
"Andy Wilkins","Brewers","24","3","1","3","3","10",".125",".514","-0.2","1","11251"
"Mikie Mahtook","Rays","185","36","3","11","7","68",".195",".523","-0.8","0","13130"
"Yoan Moncada","Red Sox","19","4","0","1","1","12",".211",".513","0.0","0","17232"
"Tuffy Gosewisch","Diamondbacks","90","14","3","7","7","22",".156",".513","-0.3","0","5277"
"Shane Robinson","Angels","98","17","1","10","10","17",".173",".492","0.0","3","4249"
"Francisco Pena","Orioles","40","8","1","3","2","14",".200",".513","-0.1","0","8298"
"JaCoby Jones","Tigers","28","6","0","2","0","12",".214",".536","-0.1","0","14818"
"Dixon Machado","Tigers","10","1","0","0","3","4",".100",".408","0.2","0","11472"
"Gerrit Cole","Pirates","40","8","1","3","0","19",".200",".520","0.3","0","13125"
"Raul Mondesi","Royals","135","25","2","13","6","48",".185",".512","-0.5","9","13769"
"Yan Gomes","Indians","251","42","9","34","9","69",".167",".527","-0.6","0","9627"
"Peter O'Brien","Diamondbacks","64","9","5","9","3","27",".141",".570","-0.5","0","13288"
"Alen Hanson","Pirates","31","7","0","1","2","5",".226",".531","-0.3","2","12926"
"Casey McGehee","Tigers","92","21","0","1","3","14",".228",".500","-0.5","0","6086"
"Yadiel Rivera","Brewers","66","14","0","3","2","20",".212",".508","-0.6","0","11863"
"Emilio Bonifacio","Braves","38","8","0","3","3","12",".211",".479","-0.6","1","4054"
"Austin Barnes","Dodgers","32","5","0","2","5","9",".156",".458","-0.1","0","12158"
"Ike Davis","Yankees","14","3","0","1","1","5",".214",".481","-0.1","0","8433"
"Junior Guerra","Brewers","35","8","0","0","0","13",".229",".514","0.2","0","5702"
"Ruben Tejada","- - -","66","11","0","5","7","13",".167",".489","-0.3","0","5519"
"Matt McBride","Athletics","43","9","0","2","1","10",".209",".506","-0.2","0","9373"
"Josh Thole","Blue Jays","118","20","1","7","13","28",".169",".474","-0.5","0","9689"
"Jordan Zimmermann","Tigers","4","1","0","0","0","2",".250",".500","0.0","0","4505"
"Jake Odorizzi","Rays","4","1","0","1","0","1",".250",".500","0.0","0","6397"
"Steven Brault","Pirates","8","2","0","0","0","0",".250",".500","0.1","0","15291"
"Lucas Giolito","Nationals","4","1","0","0","0","1",".250",".500","0.0","0","15474"
"Carlos Martinez","Cardinals","59","14","0","6","0","13",".237",".500","0.4","0","11682"
"Hector Olivera","Braves","19","4","0","2","1","5",".211",".501","-0.1","0","17528"
"Tony Renda","Reds","60","11","0","3","5","11",".183",".463","-0.3","0","13443"
"Zack Greinke","Diamondbacks","52","11","0","3","3","9",".212",".476","0.3","1","1943"
"Ryan Hanigan","Red Sox","105","18","1","14","7","27",".171",".468","-0.5","0","4952"
"Stephen Strasburg","Nationals","48","10","0","2","2","11",".208",".469","0.3","0","10131"
"Robbie Ray","Diamondbacks","53","10","1","2","1","26",".189",".487","0.2","0","11486"
"Don Kelly","Marlins","27","4","0","3","2","5",".148",".496","-0.2","0","2216"
"Carl Crawford","Dodgers","81","15","0","6","4","11",".185",".464","-0.8","0","1201"
"Reid Brignac","Braves","29","6","0","1","0","8",".207",".483","-0.1","0","8380"
"Alberto Rosario","Cardinals","38","7","0","2","2","5",".184",".462","-0.2","0","7125"
"Seth Lugo","Mets","16","3","0","1","1","2",".188",".472","0.1","0","12447"
"Arismendy Alcantara","Athletics","19","4","0","2","0","8",".211",".474","-0.2","3","10711"
"Travis Wood","Cubs","11","2","0","1","1","5",".182",".432","-0.1","0","9884"
"Michael Reed","Brewers","22","4","0","0","2","7",".182",".432","-0.1","1","13228"
"Carson Kelly","Cardinals","13","2","0","1","0","2",".154",".445","-0.1","0","13620"
"Tim Federowicz","Cubs","31","6","0","3","1","12",".194",".470","-0.3","0","8609"
"Albert Suarez","Giants","21","4","0","2","0","11",".190",".476","0.1","0","6175"
"Tim Adleman","Reds","21","4","0","3","0","11",".190",".476","0.1","0","10968"
"Jorge de la Rosa","Rockies","38","7","0","6","2","14",".184",".428","0.1","0","2047"
"Daniel Castro","Braves","130","26","0","7","7","24",".200",".449","-0.8","1","15450"
"Brayan Pena","Cardinals","13","2","0","0","1","2",".154",".445","-0.2","0","3231"
"Steven Matz","Mets","36","5","0","2","4","11",".139",".442","0.2","0","13361"
"Jake Peavy","Giants","27","5","0","3","2","12",".185",".427","0.1","0","1051"
"Craig Gentry","Angels","34","5","0","2","3","6",".147",".413","-0.2","0","9571"
"Andrew Cashner","- - -","34","6","0","1","3","13",".176",".420","0.2","0","8782"
"Mark Canha","Athletics","41","5","3","6","0","20",".122",".481","-0.5","0","11445"
"Tyler Chatwood","Rockies","53","10","0","4","2","14",".189",".445","0.1","0","4338"
"Vince Velasquez","Phillies","40","8","0","0","1","16",".200",".445","0.2","0","11189"
"Julio Teheran","Braves","49","10","0","2","1","16",".204",".444","0.2","0","6797"
"Josh Smith","Reds","11","2","0","0","0","4",".182",".455","0.0","0","10946"
"Dustin Ackley","Yankees","61","9","0","4","8","9",".148",".390","-0.3","0","10099"
"Jeremy Hellickson","Phillies","54","9","0","4","4","24",".167",".409","0.2","0","4371"
"Tyler Anderson","Rockies","35","4","1","3","4","11",".114",".405","0.0","0","12880"
"Kaleb Cowart","Angels","85","15","1","8","0","23",".176",".443","-0.3","0","11494"
"Danny Worth","Astros","39","7","0","1","1","6",".179",".431","-0.1","0","198"
"Todd Cunningham","Angels","27","4","0","1","1","6",".148",".438","-0.1","0","10822"
"Caleb Joseph","Orioles","132","23","0","0","7","28",".174",".413","-0.9","0","7087"
"Jemile Weeks","Padres","50","7","0","2","3","14",".140",".404","0.0","1","2498"
"Jose Urena","Marlins","17","3","0","0","1","11",".176",".399","0.1","0","11589"
"John Ryan Murphy","Twins","82","12","1","3","5","19",".146",".413","-0.5","0","10346"
"Max Scherzer","Nationals","70","13","0","12","2","30",".186",".408","0.2","0","3137"
"Joey Gallo","Rangers","25","1","1","1","5","19",".040",".360","-0.4","1","14128"
"Devin Mesoraco","Reds","50","7","0","1","5","10",".140",".378","-0.4","0","5666"
"Jaff Decker","Rays","52","8","0","1","4","14",".154",".384","-0.4","1","7945"
"Colin Moran","Astros","23","3","0","2","1","8",".130",".374","-0.3","0","16909"
"Jeimer Candelario","Cubs","11","1","0","0","2","5",".091",".377","-0.2","0","13621"
"Rick Porcello","Red Sox","5","1","0","0","0","1",".200",".400","0.0","0","2717"
"Danny Duffy","Royals","5","1","0","1","0","1",".200",".400","0.0","0","3542"
"Justin Verlander","Tigers","5","1","0","0","0","2",".200",".400","0.0","0","8700"
"Doug Fister","Astros","5","1","0","2","0","1",".200",".400","-0.1","0","9425"
"Jake Esch","Marlins","5","1","0","0","0","2",".200",".400","0.0","0","12756"
"Rob Whalen","Braves","10","2","0","0","0","3",".200",".400","0.0","0","14165"
"Chris Rusin","Rockies","29","5","0","3","0","6",".172",".414","0.0","0","9895"
"Trevor Cahill","Cubs","8","1","0","1","1","4",".125",".347","0.0","0","6249"
"Will Middlebrooks","Brewers","27","3","0","1","4","13",".111",".337","0.0","0","7002"
"James Paxton","Mariners","3","0","0","0","1","3",".000",".250","0.0","0","11828"
"Matt Koch","Diamondbacks","3","0","0","0","1","3",".000",".250","0.0","0","13420"
"Clayton Kershaw","Dodgers","46","8","0","3","1","12",".174",".387","0.1","0","2036"
"Jacob deGrom","Mets","42","6","0","2","3","12",".143",".367","0.1","0","10954"
"Jaime Garcia","Cardinals","41","7","0","4","2","17",".171",".375","0.1","0","8137"
"Emmanuel Burriss","Phillies","45","5","0","0","2","10",".111",".361","-0.7","1","2917"
"Jeff Samardzija","Giants","64","10","0","9","1","28",".156",".399","0.1","0","3254"
"Jon Gray","Rockies","47","7","0","4","2","30",".149",".375","0.0","0","14916"
"James Shields","- - -","21","4","0","0","0","12",".190",".381","0.0","0","7059"
"Jose Pirela","Padres","39","6","0","0","1","9",".154",".380","-0.5","0","5485"
"Jordan Pacheco","Reds","51","8","0","0","0","14",".157",".392","-0.6","0","2677"
"Nick Noonan","Padres","18","3","0","1","1","5",".167",".367","-0.4","0","6880"
"Mike Leake","Cardinals","49","7","0","4","3","19",".143",".356","0.1","0","10130"
"Joel De La Cruz","Braves","16","3","0","1","0","8",".188",".375","0.0","0","12825"
"Darrell Ceciliani","Blue Jays","27","3","0","1","1","14",".111",".358","-0.5","0","9954"
"Blake Lalli","Braves","13","2","0","1","0","3",".154",".385","-0.2","0","9246"
"Jon Lester","Cubs","59","6","0","6","6","18",".102",".337","0.0","0","4930"
"Collin Cowgill","Indians","12","1","0","0","2","7",".083",".298","-0.2","0","7250"
"Deven Marrero","Red Sox","12","1","0","0","2","5",".083",".298","-0.2","0","13325"
"David Phelps","Marlins","11","2","0","1","0","3",".182",".364","0.0","0","6316"
"Wade Miley","- - -","11","2","0","0","0","2",".182",".364","0.0","0","8779"
"Drew Pomeranz","- - -","35","5","1","4","0","21",".143",".371","0.0","0","11426"
"Tanner Roark","Nationals","64","8","0","3","5","25",".125",".329","0.0","0","8753"
"Taylor Featherston","Phillies","26","3","0","1","2","11",".115",".332","-0.2","2","12590"
"Cole Figueroa","Pirates","26","4","0","3","1","2",".154",".339","-0.3","1","8790"
"Luis Perdomo","Padres","38","5","0","1","1","15",".132",".333","0.0","0","14682"
"Jake Thompson","Phillies","14","2","0","0","0","5",".143",".357","0.0","0","14371"
"Wily Peralta","Brewers","39","5","1","6","0","15",".128",".356","0.0","0","7738"
"Mike Foltynewicz","Braves","36","5","0","1","1","19",".139",".329","0.0","0","10811"
"Yusmeiro Petit","Nationals","6","1","0","0","0","2",".167",".333","0.0","0","4020"
"Charlie Morton","Phillies","6","1","0","0","0","3",".167",".333","0.0","0","4676"
"Chris Sale","White Sox","6","1","0","0","0","2",".167",".333","0.0","0","10603"
"Micah Johnson","Dodgers","6","1","0","0","0","1",".167",".333","-0.1","0","13809"
"Jon Moscot","Reds","4","0","0","0","0","3",".000",".200","0.0","0","13849"
"Brandon Finnegan","Reds","53","6","0","2","3","18",".113",".312","-0.1","0","16208"
"Kenta Maeda","Dodgers","57","7","1","4","1","16",".123",".331","0.0","0","18498"
"Cedric Hunter","Phillies","34","3","1","1","2","6",".088",".315","-0.6","0","2833"
"Alfredo Simon","Reds","14","1","0","1","1","7",".071",".259","0.0","0","2155"
"Austin Hedges","Padres","24","3","0","1","0","7",".125",".321","-0.3","0","12976"
"Shelby Miller","Diamondbacks","32","4","0","0","0","21",".125",".344","-0.5","0","10197"
"Juniel Querecuto","Rays","11","1","0","2","0","6",".091",".364","-0.1","0","12140"
"Homer Bailey","Reds","10","1","0","0","1","1",".100",".282","0.0","0","8362"
"Matt Wisler","Braves","46","7","0","2","1","21",".152",".319","-0.1","0","12804"
"Jerad Eickhoff","Phillies","61","8","0","5","1","12",".131",".325","-0.1","0","12664"
"Gio Gonzalez","Nationals","52","7","0","2","0","24",".135",".321","-0.1","0","7448"
"Kyle Hendricks","Cubs","58","8","0","2","1","29",".138",".305","-0.1","0","12049"
"Colin Rea","- - -","33","4","0","1","2","16",".121",".293","0.0","0","12317"
"Juan Nicasio","Pirates","19","3","0","1","0","7",".158",".316","0.0","0","7731"
"Kyle Schwarber","Cubs","4","0","0","0","1","2",".000",".200","-0.1","0","16478"
"Jon Niese","- - -","30","3","0","1","2","14",".100",".290","-0.1","0","4424"
"Matt Harvey","Mets","22","3","0","0","0","8",".136",".318","0.0","0","11713"
"Hanser Alberto","Rangers","56","8","0","5","0","17",".143",".304","-0.2","1","11902"
"Anthony DeSclafani","Reds","41","5","0","1","1","22",".122",".289","-0.1","0","13050"
"Jose Rondon","Padres","25","3","0","1","1","4",".120",".274","-0.6","0","14140"
"Jeff Locke","Pirates","32","4","0","0","1","17",".125",".277","-0.1","0","2929"
"Darin Mastroianni","Twins","9","0","0","0","2","4",".000",".182","-0.1","1","7316"
"Brett Oberholtzer","Phillies","7","1","0","0","0","2",".143",".286","0.0","0","3855"
"Tyler Glasnow","Pirates","7","1","0","0","0","4",".143",".286","0.0","0","14374"
"Ross Stripling","Dodgers","24","2","0","1","2","12",".083",".237","-0.1","0","13273"
"Dan Vogelbach","Mariners","12","1","0","0","1","6",".083",".237","-0.2","0","14130"
"Matt Cain","Giants","27","2","1","5","0","17",".074",".296","-0.1","0","4732"
"Chris Colabello","Blue Jays","29","2","0","1","2","9",".069",".225","-0.5","0","13051"
"Julio Urias","Dodgers","22","3","0","2","0","9",".136",".273","-0.1","0","14765"
"Aaron Nola","Phillies","30","1","0","0","3","17",".033",".214","-0.1","0","16149"
"Adam Conley","Marlins","41","5","0","3","1","22",".122",".261","-0.1","0","14457"
"Renato Nunez","Athletics","15","2","0","1","0","3",".133",".267","-0.4","0","14503"
"Scott Kazmir","Dodgers","43","5","0","2","1","24",".116",".253","-0.1","0","4897"
"Braden Shipley","Diamondbacks","26","3","0","2","0","10",".115",".269","-0.1","1","15158"
"Johnny Cueto","Giants","70","8","0","5","2","24",".114",".251","-0.2","0","6893"
"Josmil Pinto","Brewers","5","0","0","0","1","4",".000",".167","-0.1","0","6806"
"Nathan Eovaldi","Yankees","5","0","0","0","1","4",".000",".167","0.0","0","9132"
"Ryan LaMarre","Red Sox","5","0","0","0","1","2",".000",".167","-0.1","0","10700"
"Bartolo Colon","Mets","60","5","1","2","1","40",".083",".265","-0.2","0","375"
"John Lackey","Cubs","63","6","0","2","2","31",".095",".250","-0.2","0","1507"
"Adam Morgan","Phillies","32","3","0","1","1","11",".094",".246","-0.1","0","12580"
"Erik Kratz","- - -","85","8","1","4","1","32",".094",".258","-0.9","0","4403"
"Cole Hamels","Rangers","8","1","0","0","0","1",".125",".250","0.0","0","4972"
"Jarred Cosart","- - -","16","2","0","0","0","5",".125",".250","-0.1","0","10304"
"Jorge Alfaro","Phillies","16","2","0","0","1","8",".125",".301","-0.2","0","12180"
"Kevan Smith","White Sox","16","2","0","0","0","6",".125",".250","-0.2","0","12284"
"Taylor Jungmann","Brewers","8","1","0","0","0","4",".125",".250","0.0","0","13119"
"Ryan Vogelsong","Pirates","19","1","0","1","1","13",".053",".195","-0.1","0","1011"
"Justin Nicolino","Marlins","22","2","0","0","1","11",".091",".221","-0.1","0","11754"
"Chase Anderson","Brewers","45","4","0","1","1","27",".089",".217","-0.2","0","6895"
"Will Venable","Dodgers","18","1","0","0","0","5",".056",".216","-0.3","0","211"
"Andrew Burns","Blue Jays","6","0","0","0","0","2",".000",".143","0.0","0","12779"
"Chad Kuhl","Pirates","23","2","0","0","1","9",".087",".212","-0.1","0","14975"
"Ivan Nova","- - -","26","3","0","0","0","18",".115",".231","-0.1","0","1994"
"Pablo Sandoval","Red Sox","6","0","0","0","1","4",".000",".143","-0.2","0","5409"
"Tom Koehler","Marlins","51","5","0","4","1","28",".098",".213","-0.3","0","6570"
"Zack Godley","Diamondbacks","18","2","0","0","0","9",".111",".222","-0.1","0","14862"
"Christian Friedrich","Padres","37","2","0","2","3","23",".054",".179","-0.2","0","7942"
"Jimmy Nelson","Brewers","50","4","0","3","2","32",".080",".195","-0.3","0","10547"
"Zach Davies","Brewers","53","5","0","1","1","22",".094",".205","-0.3","0","13183"
"Brandon McCarthy","Dodgers","13","0","0","1","2","6",".000",".133","-0.1","0","4662"
"Brock Stewart","Dodgers","10","1","0","0","0","7",".100",".200","-0.1","0","16727"
"Clayton Richard","- - -","17","1","0","1","1","9",".059",".170","-0.1","0","3551"
"Chris Archer","Rays","7","0","0","0","1","3",".000",".125","0.0","0","6345"
"Kyle Gibson","Twins","7","0","0","0","1","5",".000",".125","0.0","0","10123"
"Tyler Ladendorf","Athletics","48","4","0","1","1","13",".083",".185","-0.7","2","3211"
"Chad Bettis","Rockies","49","2","0","2","4","21",".041",".154","-0.5","0","10587"
"Matt Moore","- - -","31","3","0","0","0","13",".097",".194","-0.2","0","1890"
"Jameson Taillon","Pirates","32","3","0","2","0","17",".094",".188","-0.2","0","11674"
"Mike Montgomery","Cubs","11","1","0","1","0","5",".091",".182","-0.1","0","4869"
"Alec Asher","Phillies","11","1","0","2","0","6",".091",".182","-0.1","0","13560"
"Raisel Iglesias","Reds","11","1","0","0","0","2",".091",".182","-0.1","0","17130"
"Matt Garza","Brewers","28","1","0","0","2","17",".036",".136","-0.2","0","3340"
"John Lamb","Reds","20","1","0","0","1","12",".050",".145","-0.2","0","8493"
"Reynaldo Lopez","Nationals","12","1","0","0","0","7",".083",".167","-0.1","0","16400"
"Michael Wacha","Cardinals","39","1","0","0","3","22",".026",".121","-0.3","0","14078"
"Aaron Sanchez","Blue Jays","9","0","0","0","1","5",".000",".100","-0.1","0","11490"
"Brendan Ryan","Angels","13","1","0","0","0","7",".077",".154","-0.1","0","6073"
"Max Stassi","Astros","13","1","0","0","0","5",".077",".154","-0.2","0","10059"
"Logan Verrett","Mets","19","1","0","0","0","12",".053",".158","-0.2","0","12905"
"David Price","Red Sox","10","0","0","0","1","8",".000",".091","-0.1","0","3184"
"Rubby de la Rosa","Diamondbacks","14","1","0","1","0","3",".071",".143","-0.1","0","3862"
"Alex Reyes","Cardinals","14","1","0","1","0","5",".071",".143","-0.1","0","15015"
"Archie Bradley","Diamondbacks","43","3","0","4","0","28",".070",".138","-0.4","0","12918"
"Eddie Butler","Rockies","15","1","0","0","0","2",".067",".133","-0.2","0","13453"
"Robert Gsellman","Mets","15","1","0","0","0","9",".067",".133","-0.1","0","13696"
"Matt Dominguez","Blue Jays","11","0","0","0","1","3",".000",".083","-0.2","0","4903"
"Cody Reed","Reds","11","0","0","0","1","6",".000",".083","-0.1","0","15232"
"Dan Straily","Reds","52","1","0","1","2","40",".019",".075","-0.6","0","9460"
"Aaron Blair","Braves","21","1","0","0","0","9",".048",".095","-0.2","0","14934"
"Paul Clemens","- - -","21","0","0","0","1","11",".000",".045","-0.2","0","8037"
"CC Sabathia","Yankees","1","0","0","0","0","0",".000",".000","0.0","0","404"
"Marco Estrada","Blue Jays","5","0","0","0","0","3",".000",".000","-0.1","0","1118"
"Jerome Williams","Cardinals","2","0","0","0","0","1",".000",".000","0.0","0","1137"
"R.A. Dickey","Blue Jays","1","0","0","0","0","1",".000",".000","0.0","0","1245"
"Blake Wood","Reds","2","0","0","0","0","2",".000",".000","0.0","0","1345"
"Javier Lopez","Giants","1","0","0","0","0","1",".000",".000","0.0","0","1663"
"Matt Belisle","Nationals","4","0","0","0","0","2",".000",".000","-0.1","0","1837"
"Ryan Madson","Athletics","1","0","0","0","0","1",".000",".000","0.0","0","1852"
"Chris Narveson","Marlins","3","0","0","0","0","2",".000",".000","0.0","0","2141"
"Blaine Boyer","Brewers","1","0","0","0","0","0",".000",".000","0.0","0","2237"
"Joel Peralta","- - -","2","0","0","0","0","1",".000",".000","0.0","0","2332"
"Hector Rondon","Cubs","1","0","0","0","0","1",".000",".000","0.0","0","2391"
"Tony Cruz","Royals","4","0","0","1","0","3",".000",".000","-0.1","0","2802"
"Rafael Ynoa","Rockies","5","0","0","0","0","2",".000",".000","-0.2","0","2832"
"Ross Detwiler","Athletics","1","0","0","0","0","1",".000",".000","0.0","0","2859"
"Michael Morse","Pirates","8","0","0","0","0","2",".000",".000","-0.2","0","3035"
"Tony Watson","Pirates","0","0","0","0","0","0",".000",".000","0.0","0","3132"
"Chris Young","Royals","1","0","0","0","0","0",".000",".000","0.0","0","3196"
"Ervin Santana","Twins","5","0","0","0","0","3",".000",".000","-0.1","0","3200"
"Roberto Hernandez","Braves","4","0","0","0","0","3",".000",".000","-0.1","0","3273"
"Anibal Sanchez","Tigers","6","0","0","0","0","3",".000",".000","-0.1","0","3284"
"Ubaldo Jimenez","Orioles","4","0","0","0","0","1",".000",".000","-0.1","0","3374"
"Jumbo Diaz","Reds","1","0","0","0","0","0",".000",".000","0.0","0","3397"
"Carlos Frias","Dodgers","1","0","0","0","0","1",".000",".000","0.0","0","3547"
"Jim Johnson","Braves","1","0","0","0","0","1",".000",".000","0.0","0","3656"
"Matt Buschmann","Diamondbacks","1","0","0","0","0","0",".000",".000","0.0","0","3832"
"Gavin Floyd","Blue Jays","1","0","0","0","0","0",".000",".000","0.0","0","3886"
"Edinson Volquez","Royals","5","0","0","0","0","3",".000",".000","-0.1","0","3990"
"Pedro Strop","Cubs","1","0","0","0","0","0",".000",".000","0.0","0","4070"
"Carlos Villanueva","Padres","4","0","0","0","0","4",".000",".000","-0.1","0","4138"
"Jered Weaver","Angels","9","0","0","0","0","4",".000",".000","-0.1","0","4235"
"Felix Hernandez","Mariners","6","0","0","0","0","3",".000",".000","-0.1","0","4772"
"Matt Shoemaker","Angels","2","0","0","0","0","1",".000",".000","0.0","0","4776"
"Rich Hill","Dodgers","12","0","0","0","0","8",".000",".000","-0.2","0","4806"
"Fernando Abad","Twins","1","0","0","0","0","1",".000",".000","0.0","0","4994"
"Yohan Flande","Rockies","0","0","0","0","0","0",".000",".000","0.0","0","5057"
"Josh Fields","Dodgers","1","0","0","0","0","1",".000",".000","0.0","0","5070"
"Wade LeBlanc","Pirates","1","0","0","0","0","1",".000",".000","0.0","0","5221"
"Vin Mazzaro","Giants","1","0","0","0","0","1",".000",".000","0.0","0","5231"
"Chris Tillman","Orioles","2","0","0","0","0","2",".000",".000","0.0","0","5279"
"Jose Alvarez","Angels","1","0","0","0","0","0",".000",".000","0.0","0","5358"
"Michael Pineda","Yankees","1","0","0","0","0","1",".000",".000","0.0","0","5372"
"Andrew Lambo","Athletics","1","0","0","0","0","0",".000",".000","0.0","0","5386"
"Pedro Baez","Dodgers","1","0","0","0","0","0",".000",".000","0.0","0","5420"
"Jhan Marinez","Brewers","3","0","0","0","0","1",".000",".000","0.0","0","5830"
"Danny Salazar","Indians","5","0","0","0","0","3",".000",".000","-0.1","0","5867"
"Gonzalez Germen","Rockies","3","0","0","0","0","1",".000",".000","0.0","0","5876"
"Randall Delgado","Diamondbacks","2","0","0","0","0","0",".000",".000","0.0","0","5985"
"Scott Feldman","Astros","2","0","0","0","0","2",".000",".000","0.0","0","6283"
"Luis Garcia","Phillies","0","0","0","0","0","0",".000",".000","0.0","0","6984"
"Ian Kennedy","Royals","3","0","0","0","0","2",".000",".000","0.0","0","6986"
"Miguel Gonzalez","White Sox","1","0","0","0","0","1",".000",".000","0.0","0","7024"
"Eric Young","Yankees","1","0","0","0","0","0",".000",".000","0.0","1","7158"
"Josh Collmenter","Braves","6","0","0","0","0","6",".000",".000","-0.1","0","7312"
"Dillon Gee","Royals","1","0","0","0","0","0",".000",".000","0.0","0","7396"
"Phil Hughes","Twins","2","0","0","0","0","2",".000",".000","0.0","0","7450"
"Collin McHugh","Astros","6","0","0","0","0","2",".000",".000","-0.1","0","7531"
"Lucas Harrell","Braves","8","0","0","0","0","2",".000",".000","-0.1","0","7541"
"Jordan Lyles","Rockies","8","0","0","0","0","4",".000",".000","-0.1","0","7593"
"Shawn Kelley","Nationals","1","0","0","0","0","1",".000",".000","0.0","0","7773"
"Jerry Blevins","Mets","1","0","0","0","0","0",".000",".000","0.0","0","7841"
"Tyson Ross","Padres","1","0","0","0","0","1",".000",".000","0.0","0","7872"
"Frank Herrmann","Phillies","1","0","0","0","0","1",".000",".000","0.0","0","7960"
"Steven Wright","Red Sox","4","0","0","0","0","3",".000",".000","-0.1","0","8185"
"Brett Anderson","Dodgers","3","0","0","0","0","2",".000",".000","0.0","0","8223"
"J.P. Howell","Dodgers","2","0","0","0","0","2",".000",".000","0.0","0","8245"
"Matt Tuiasosopo","Braves","3","0","0","0","0","1",".000",".000","-0.1","0","8272"
"Justin Miller","Rockies","1","0","0","0","0","1",".000",".000","0.0","0","8580"
"Dustin McGowan","Marlins","4","0","0","0","0","3",".000",".000","-0.1","0","8600"
"Oliver Drake","Orioles","1","0","0","0","0","1",".000",".000","0.0","0","8823"
"Arquimedes Caminero","Pirates","2","0","0","0","0","1",".000",".000","0.0","0","8992"
"Adam Warren","Cubs","3","0","0","0","0","3",".000",".000","-0.1","0","9029"
"Brad Hand","Padres","4","0","0","0","0","1",".000",".000","-0.1","0","9111"
"Tim Melville","Reds","2","0","0","0","0","2",".000",".000","0.0","0","9149"
"Casey Kelly","Braves","2","0","0","0","0","1",".000",".000","0.0","0","9174"
"Kyle Lobstein","Pirates","2","0","0","0","0","1",".000",".000","0.0","0","9178"
"Rob Scahill","Pirates","2","0","0","0","0","1",".000",".000","0.0","0","9286"
"Jared Hughes","Pirates","1","0","0","0","0","1",".000",".000","0.0","0","9325"
"Adam Moore","Indians","5","0","0","0","0","4",".000",".000","-0.1","0","9362"
"Dallas Keuchel","Astros","2","0","0","0","0","0",".000",".000","0.0","0","9434"
"Michael McKenry","Cardinals","1","0","0","0","0","1",".000",".000","0.0","0","9628"
"Michael Blazek","Brewers","0","0","0","0","0","0",".000",".000","0.0","0","9654"
"Mike Broadway","Giants","0","0","0","0","0","0",".000",".000","0.0","0","9894"
"A.J. Morris","Reds","1","0","0","0","0","1",".000",".000","0.0","0","9919"
"Keyvius Sampson","Reds","7","0","0","0","0","6",".000",".000","-0.1","0","10039"
"Ian Krol","Braves","1","0","0","0","0","0",".000",".000","0.0","0","10066"
"Ryan Weber","Braves","6","0","0","0","0","3",".000",".000","-0.1","0","10160"
"Bryan Morris","Marlins","1","0","0","0","0","1",".000",".000","0.0","0","10234"
"Josh Smoker","Mets","1","0","0","0","0","1",".000",".000","0.0","0","10285"
"Michael Tonkin","Twins","2","0","0","0","0","1",".000",".000","0.0","0","10315"
"Edwin Escobar","Diamondbacks","2","0","0","0","0","1",".000",".000","0.0","0","10337"
"Robbie Erlin","Padres","6","0","0","0","0","3",".000",".000","-0.1","0","10354"
"Mychal Givens","Orioles","2","0","0","0","0","1",".000",".000","0.0","0","10430"
"Shawn Tolleson","Rangers","1","0","0","0","0","1",".000",".000","0.0","0","10481"
"Drew Hayes","Reds","1","0","0","0","0","0",".000",".000","0.0","0","10528"
"Dean Kiekhefer","Cardinals","1","0","0","0","0","0",".000",".000","0.0","0","10529"
"Zach Walters","Dodgers","5","0","0","0","0","2",".000",".000","-0.2","0","10622"
"Drew Hutchison","Pirates","1","0","0","0","0","1",".000",".000","0.0","0","10732"
"Trevor Rosenthal","Cardinals","1","0","0","0","0","1",".000",".000","0.0","0","10745"
"Shane Greene","Tigers","2","0","0","0","0","0",".000",".000","0.0","0","10756"
"Jake Buchanan","Cubs","1","0","0","0","0","1",".000",".000","0.0","0","10962"
"Ryan O'Rourke","Twins","1","0","0","0","0","0",".000",".000","0.0","0","10976"
"A.J. Griffin","Rangers","2","0","0","0","0","2",".000",".000","0.0","0","11132"
"Mike Bolsinger","Dodgers","9","0","0","0","0","7",".000",".000","-0.1","0","11137"
"Grant Dayton","Dodgers","1","0","0","0","0","1",".000",".000","0.0","0","11203"
"Zach Neal","Athletics","2","0","0","0","0","0",".000",".000","0.0","0","11294"
"Tyler Lyons","Cardinals","4","0","0","0","0","2",".000",".000","-0.1","0","11334"
"Jesus Aguilar","Indians","6","0","0","0","0","1",".000",".000","-0.1","0","11342"
"Tyrell Jenkins","Braves","13","0","0","0","0","4",".000",".000","-0.2","0","11378"
"Jose Quintana","White Sox","2","0","0","0","0","1",".000",".000","0.0","0","11423"
"A.J. Schugel","Pirates","2","0","0","0","0","1",".000",".000","0.0","0","11432"
"Sammy Solis","Nationals","3","0","0","0","0","1",".000",".000","0.0","0","11457"
"A.J. Cole","Nationals","7","0","0","0","0","4",".000",".000","-0.1","0","11467"
"Williams Perez","Braves","17","0","0","0","0","5",".000",".000","-0.2","0","11592"
"Elias Diaz","Pirates","4","0","0","1","0","1",".000",".000","-0.1","0","11680"
"Vicente Campos","Diamondbacks","2","0","0","0","0","0",".000",".000","0.0","0","11681"
"Nick Tepesch","Dodgers","1","0","0","0","0","1",".000",".000","0.0","0","11716"
"Drew Smyly","Rays","2","0","0","0","0","0",".000",".000","0.0","0","11760"
"Hansel Robles","Mets","3","0","0","0","0","2",".000",".000","0.0","0","11801"
"Matt Andriese","Rays","1","0","0","0","0","0",".000",".000","0.0","0","12022"
"Felipe Rivero","Nationals","1","0","0","0","0","1",".000",".000","0.0","0","12076"
"Kendry Flores","Marlins","1","0","0","0","0","1",".000",".000","0.0","0","12118"
"Matt Duffy","Astros","3","0","0","0","0","2",".000",".000","-0.1","0","12181"
"Seth Maness","Cardinals","1","0","0","0","0","1",".000",".000","0.0","0","12235"
"Colton Murray","Phillies","1","0","0","0","0","1",".000",".000","0.0","0","12264"
"Spencer Patton","Cubs","2","0","0","0","0","1",".000",".000","0.0","0","12361"
"Nick Tropeano","Angels","2","0","0","0","0","1",".000",".000","0.0","0","12385"
"Erik Johnson","Padres","4","0","0","0","0","3",".000",".000","-0.1","0","12520"
"Raffy Lopez","Reds","7","0","0","0","0","3",".000",".000","-0.2","0","12606"
"Nathan Karns","Mariners","1","0","0","0","0","0",".000",".000","0.0","0","12638"
"Phil Klein","Phillies","2","0","0","0","0","2",".000",".000","0.0","0","12675"
"Trevor Bauer","Indians","5","0","0","0","0","5",".000",".000","-0.1","0","12703"
"Nick Martinez","Rangers","2","0","0","0","0","1",".000",".000","0.0","0","12730"
"Rafael Montero","Mets","5","0","0","0","0","3",".000",".000","-0.1","0","12760"
"Sonny Gray","Athletics","2","0","0","0","0","1",".000",".000","0.0","0","12768"
"Dalton Pompey","Blue Jays","2","0","0","0","0","1",".000",".000","0.0","2","12797"
"Mike Clevinger","Indians","2","0","0","0","0","0",".000",".000","0.0","0","12808"
"Dylan Bundy","Orioles","3","0","0","0","0","2",".000",".000","0.0","0","12917"
"Gabriel Ynoa","Mets","3","0","0","0","0","0",".000",".000","0.0","0","12938"
"Joe Musgrove","Astros","0","0","0","0","0","0",".000",".000","0.0","0","12970"
"Hisashi Iwakuma","Mariners","2","0","0","0","0","1",".000",".000","0.0","0","13048"
"Wei-Yin Chen","Marlins","44","0","0","0","0","18",".000",".000","-0.6","0","13071"
"Derek Law","Giants","1","0","0","0","0","0",".000",".000","0.0","0","13133"
"Eduardo Rodriguez","Red Sox","2","0","0","0","0","2",".000",".000","0.0","0","13164"
"Michael Fulmer","Tigers","2","0","0","0","0","2",".000",".000","0.0","0","13218"
"Jesse Hahn","Athletics","1","0","0","0","0","1",".000",".000","0.0","0","13287"
"Marcus Stroman","Blue Jays","5","0","0","0","0","0",".000",".000","-0.1","0","13431"
"Matt Bowman","Cardinals","1","0","0","0","0","1",".000",".000","0.0","0","13528"
"Andrew Triggs","Athletics","2","0","0","0","0","2",".000",".000","0.0","0","13533"
"Steven Okert","Giants","1","0","0","0","0","1",".000",".000","0.0","0","13580"
"Robert Stephenson","Reds","10","0","0","0","0","5",".000",".000","-0.2","0","13594"
"Carl Edwards Jr.","Cubs","1","0","0","0","0","1",".000",".000","0.0","0","13607"
"Terrance Gore","Royals","3","0","0","0","0","1",".000",".000","0.2","11","13658"
"John Gant","Braves","7","0","0","0","0","1",".000",".000","-0.1","0","13684"
"Kyle Barraclough","Marlins","1","0","0","0","0","1",".000",".000","0.0","0","13713"
"Tyler Duffey","Twins","1","0","0","0","0","1",".000",".000","0.0","0","13758"
"Chris Stratton","Giants","1","0","0","0","0","0",".000",".000","0.0","0","13761"
"Tyler Wagner","Diamondbacks","2","0","0","0","0","1",".000",".000","0.0","0","13796"
"Mike Miller","Red Sox","1","0","0","0","0","0",".000",".000","0.0","0","13891"
"Brent Suter","Brewers","2","0","0","0","0","1",".000",".000","0.0","0","13942"
"Cesar Vargas","Padres","8","0","0","0","0","5",".000",".000","-0.1","0","14099"
"Hyun-Jin Ryu","Dodgers","1","0","0","0","0","0",".000",".000","0.0","0","14444"
"Max Moroff","Pirates","2","0","0","0","0","2",".000",".000","0.0","0","14556"
"Severino Gonzalez","Phillies","1","0","0","0","0","0",".000",".000","0.0","0","14697"
"Edwin Diaz","Mariners","1","0","0","0","0","0",".000",".000","0.0","0","14710"
"German Marquez","Rockies","6","0","0","0","0","3",".000",".000","-0.1","0","15038"
"Silvino Bracho","Diamondbacks","1","0","0","0","0","1",".000",".000","0.0","0","15051"
"Rob Zastryzny","Cubs","3","0","0","0","0","2",".000",".000","0.0","0","15094"
"Daniel Wright","Reds","5","0","0","0","0","2",".000",".000","-0.1","0","15179"
"Donnie Hart","Orioles","1","0","0","0","0","1",".000",".000","0.0","0","15306"
"Jose De Leon","Dodgers","4","0","0","0","0","1",".000",".000","-0.1","0","15463"
"Kendall Graveman","Athletics","4","0","0","0","0","3",".000",".000","-0.1","0","15514"
"Chad Green","Yankees","4","0","0","0","0","4",".000",".000","-0.1","0","15552"
"Nick Wittgren","Marlins","0","0","0","0","0","0",".000",".000","0.0","0","15594"
"Masahiro Tanaka","Yankees","2","0","0","0","0","2",".000",".000","0.0","0","15764"
"Sean Manaea","Athletics","2","0","0","0","0","1",".000",".000","0.0","0","15873"
"Carlos Rodon","White Sox","3","0","0","0","0","2",".000",".000","0.0","0","16137"
"Daniel Mengden","Athletics","6","0","0","0","0","3",".000",".000","-0.1","0","16980"
"Brian Ellington","Marlins","1","0","0","0","0","1",".000",".000","0.0","0","17233"
"Jeff Hoffman","Rockies","8","0","0","0","0","2",".000",".000","-0.1","0","17432"
"Seung Hwan Oh","Cardinals","2","0","0","0","0","2",".000",".000","0.0","0","18719"
